Level,TargetDPS,MonsterHP_5s,BossHP_60s,BaseDPS,EquipBaseDPS,EnhanceDPS,SkillDPS,RuneDPS
1,20.,100.,1200.,4.,5.,4.,4.,3.
2,21.9620586328,109.810293164,1317.723517968,4.3924117266,5.4905146582,4.3924117266,4.3924117266,3.2943087949
3,24.1166009695,120.5830048476,1446.9960581716,4.8233201939,6.0291502424,4.8233201939,4.8233201939,3.6174901454
4,26.4825102258,132.4125511292,1588.9506135498,5.2965020452,6.6206275565,5.2965020452,5.2965020452,3.9723765339
5,29.0805221162,145.4026105809,1744.8313269702,5.8161044232,7.270130529,5.8161044232,5.8161044232,4.3620783174
6,31.9334065894,159.6670329469,1916.0043953633,6.3866813179,7.9833516473,6.3866813179,6.3866813179,4.7900109884
7,35.0661673931,175.3308369653,2103.9700435836,7.0132334786,8.7665418483,7.0132334786,7.0132334786,5.259925109
8,38.5062612157,192.5313060785,2310.3756729419,7.7012522431,9.6265653039,7.7012522431,7.7012522431,5.7759391824
9,42.2838383275,211.4191916373,2537.0302996472,8.4567676655,10.5709595819,8.4567676655,8.4567676655,6.3425757491
10,46.4320068284,232.1600341418,2785.9204097021,9.2864013657,11.6080017071,9.2864013657,9.2864013657,6.9648010243
11,50.9871228202,254.9356141008,3059.2273692096,10.197424564,12.746780705,10.197424564,10.197424564,7.648068423
12,55.9891090447,279.9455452235,3359.3465426823,11.1978218089,13.9972772612,11.1978218089,11.1978218089,8.3983663567
13,61.4818047819,307.4090239095,3688.9082869142,12.2963609564,15.3704511955,12.2963609564,12.2963609564,9.2222707173
14,67.5133500735,337.5667503676,4050.8010044116,13.5026700147,16.8783375184,13.5026700147,13.5026700147,10.127002511
15,74.1366076406,370.6830382029,4448.1964584346,14.8273215281,18.5341519101,14.8273215281,14.8273215281,11.1204911461
16,81.409626192,407.0481309598,4884.5775715177,16.2819252384,20.352406548,16.2819252384,16.2819252384,12.2114439288
17,89.3961491851,446.9807459255,5363.7689511066,17.879229837,22.3490372963,17.879229837,17.879229837,13.4094223778
18,98.1661734975,490.8308674875,5889.9704098497,19.6332346995,24.5415433744,19.6332346995,19.6332346995,14.7249260246
19,107.7965629055,538.9828145274,6467.7937743288,21.5593125811,26.9491407264,21.5593125811,21.5593125811,16.1694844358
20,118.3717217472,591.8586087361,7102.3033048334,23.6743443494,29.5929304368,23.6743443494,23.6743443494,17.7557582621
21,129.9843346739,649.9216733695,7799.060080434,25.9968669348,32.4960836685,25.9968669348,25.9968669348,19.4976502011
22,142.7361789727,713.6808948634,8564.1707383611,28.5472357945,35.6840447432,28.5472357945,28.5472357945,21.4104268459
23,156.739016581,783.695082905,9404.3409948598,31.3478033162,39.1847541452,31.3478033162,31.3478033162,23.5108524871
24,172.11557361,860.5778680498,10326.9344165978,34.423114722,43.0288934025,34.423114722,34.423114722,25.8173360415
25,189.000615962,945.00307981,11340.0369577201,37.8001231924,47.2501539905,37.8001231924,37.8001231924,28.3500923943
26,207.5421304696,1037.7106523482,12452.5278281784,41.5084260939,51.8855326174,41.5084260939,41.5084260939,31.1313195704
27,227.9026219075,1139.5131095376,13674.1573144513,45.5805243815,56.9756554769,45.5805243815,45.5805243815,34.1853932861
28,250.2605372451,1251.3026862255,15015.6322347056,50.052107449,62.5651343113,50.052107449,50.052107449,37.5390805868
29,274.8118296226,1374.0591481132,16488.7097773583,54.9623659245,68.7029574057,54.9623659245,54.9623659245,41.2217744434
30,301.771675758,1508.8583787899,18106.3005454782,60.3543351516,75.4429189395,60.3543351516,60.3543351516,45.2657513637
31,331.3763618357,1656.8818091787,19882.5817101446,66.2752723671,82.8440904589,66.2752723671,66.2752723671,49.7064542754
32,363.885354408,1819.4267720401,21833.1212644816,72.7770708816,90.971338602,72.7770708816,72.7770708816,54.5828031612
33,399.5835744563,1997.9178722816,23975.0144673789,79.9167148913,99.8958936141,79.9167148913,79.9167148913,59.9375361684
34,438.7838945457,2193.9194727284,26327.0336727402,87.7567789091,109.6959736364,87.7567789091,87.7567789091,65.8175841819
35,481.829880957,2409.1494047851,28909.792857421,96.3659761914,120.4574702393,96.3659761914,96.3659761914,72.2744821436
36,529.0988048307,2645.4940241533,31745.9282898391,105.8197609661,132.2747012077,105.8197609661,105.8197609661,79.3648207246
37,581.0049487118,2905.0247435588,34860.2969227055,116.2009897424,145.2512371779,116.2009897424,116.2009897424,87.1507423068
38,638.0032374777,3190.0161873887,38280.1942486638,127.6006474955,159.5008093694,127.6006474955,127.6006474955,95.7004856217
39,700.5932254701,3502.9661273505,42035.5935282064,140.118645094,175.1483063675,140.118645094,140.118645094,105.0889838205
40,769.3234747758,3846.6173738792,46159.4084865508,153.8646949552,192.330868694,153.8646949552,153.8646949552,115.3985212164
41,844.7963630308,4223.9818151542,50687.7817818498,168.9592726062,211.1990907577,168.9592726062,168.9592726062,126.7194544546
42,927.673362883,4638.3668144148,55660.4017729778,185.5346725766,231.9183407207,185.5346725766,185.5346725766,139.1510044324
43,1018.6808393861,5093.4041969306,61120.8503631672,203.7361678772,254.6702098465,203.7361678772,203.7361678772,152.8021259079
44,1118.6164161354,5593.082080677,67116.9849681237,223.7232832271,279.6541040338,223.7232832271,223.7232832271,167.7924624203
45,1228.3559659389,6141.7798296945,73701.3579563344,245.6711931878,307.0889914847,245.6711931878,245.6711931878,184.2533948908
46,1348.861287295,6744.306436475,80931.6772376998,269.772257459,337.2153218237,269.772257459,269.772257459,202.3291930942
47,1481.1885339543,7405.9426697717,88871.3120372604,296.2377067909,370.2971334886,296.2377067909,296.2377067909,222.1782800932
48,1626.4974714468,8132.4873572341,97589.8482868089,325.2994942894,406.6243678617,325.2994942894,325.2994942894,243.974620717
49,1786.0616417008,8930.308208504,107163.698502048,357.2123283402,446.5154104252,357.2123283402,357.2123283402,267.9092462551
50,1961.2795248414,9806.397624207,117676.771490484,392.2559049683,490.3198812103,392.2559049683,392.2559049683,294.1919287262
51,2153.6867959938,10768.4339799692,129221.207759631,430.7373591988,538.4216989985,430.7373591988,430.7373591988,323.0530193991
52,2364.9697845152,11824.848922576,141898.187070912,472.993956903,591.2424461288,472.993956903,472.993956903,354.7454676773
53,2596.9802536162,12984.9012680808,155818.815216969,519.3960507232,649.245063404,519.3960507232,519.3960507232,389.5470380424
54,2851.7516299071,14258.7581495354,171105.097794425,570.3503259814,712.9379074768,570.3503259814,570.3503259814,427.7627444861
55,3131.5168251101,15657.5841255506,187891.009506607,626.303365022,782.8792062775,626.303365022,626.303365022,469.7275237665
56,3438.7278061334,17193.6390306671,206323.668368005,687.7455612267,859.6819515334,687.7455612267,687.7455612267,515.80917092
57,3776.0770850271,18880.3854251354,226564.625101625,755.2154170054,944.0192712568,755.2154170054,755.2154170054,566.4115627541
58,4146.5213171669,20732.6065858343,248791.279030012,829.3042634334,1036.6303292917,829.3042634334,829.3042634334,621.978197575
59,4553.3072144887,22766.5360724435,273198.432869321,910.6614428977,1138.3268036222,910.6614428977,910.6614428977,682.9960821733
60,5000.,25000.,300000.,1000.,1250.,1000.,1000.,750.
