PoolID,MainStat,SubStat1,SubStat2,SubStat3,SubStat4,SubStat5,SubStat6
MainWeapon,ATK_FLAT,ATK_PERCENT,CRIT_DMG,SKILL_DMG_PERCENT,CRIT_RATE,ARMOR_PENETRATION,
Helmet,DEF_FLAT,DAMAGE_REDUCTION_PERCENT,HP_FLAT,HP_REGEN,STATUS_RESIST_ALL,,
Armor,HP_FLAT,COOLDOWN_REDUCTION,EXP_GAIN_PERCENT,DEF_FLAT,STATUS_RESIST_ALL,DODGE_CHANCE,BLOCK_CHANCE
Gloves,DEF_FLAT,ASPD,CRIT_RATE,ATK_PERCENT,HP_FLAT,BLOCK_CHANCE,
Boots,DEF_FLAT,MOVE_SPEED,STATUS_RESIST_ALL,HP_FLAT,HP_REGEN,,
Belt,HP_FLAT,HP_REGEN,DEF_FLAT,ATK_PERCENT,DAMAGE_REDUCTION_PERCENT,,
Ring1,ATK_FLAT,ASPD,ATK_PERCENT,CRIT_RATE,CRIT_DMG,BLOCK_CHANCE,DODGE_CHANCE
Ring2,ATK_FLAT,ASPD,ATK_PERCENT,CRIT_RATE,CRIT_DMG,BLOCK_CHANCE,DODGE_CHANCE
Necklace,HP_FLAT,COOLDOWN_REDUCTION,SKILL_DMG_PERCENT,CRIT_DMG,EXP_GAIN_PERCENT,LIFESTEAL,
